<wiidisc version="1">
<id game="RMC" />
  
<options>

<section name=" ">

<option name="My Stuff">
<choice name="Rewind"><patch id="rwms"/></choice>
<choice name="CTGP"><patch id="rwctgpms"/></choice>
</option>

<option name="Retro Rewind">
<choice name="Enabled"><patch id="rwtracks"/><patch id="rwpatches"/><patch id="rwreg"/></choice>
</option>

<option name="Miis on Minimap">
<choice name="Enabled"><patch id="rwmii"/></choice>
</option>

<option name="200cc Time Trials">
<choice name="Enabled"><patch id="rwtt"/></choice>
</option>

<option name="All Inside Drift">
<choice name="Enabled"><patch id="rwinside"/></choice>
</option>

</section>
</options>

<patch id="rwtracks">
  <folder external="/RetroRewind/Race" disc="/Race"  create="true"/>
  <folder external="/RetroRewind/Race/Course" disc="/Race/Course"  create="true"/>
  <folder external="/RetroRewind/sound/strm" disc="/sound/strm"  create="true"/>
</patch>

<patch id="rwpatches">
  <savegame external="/RetroRewind/save" clone="false"/>
  <folder external="/RetroRewind/Codes" disc="/codes" create="true"/>
  <memory valuefile="/RetroRewind/Loader/Loader{$__region}.bin" offset="0x80258700"/>
  <memory offset="0x8000629C" value="48252FB0"/>
  <file disc="/thp/video.thp" external="/RetroRewind/thp/video.thp" create="true" />
  <file disc="/thp/course/cup_select.thp" external="/RetroRewind/thp/video.thp" create="true" />
  <file disc="/thp/course/flower.thp" external="/RetroRewind/thp/video.thp" create="true" />
  <file disc="/thp/course/kinoko.thp" external="/RetroRewind/thp/video.thp" create="true" />
  <file disc="/thp/course/konoha.thp" external="/RetroRewind/thp/video.thp" create="true" />
  <file disc="/thp/course/koura.thp" external="/RetroRewind/thp/video.thp" create="true" />
  <file disc="/thp/course/special.thp" external="/RetroRewind/thp/video.thp" create="true" />
  <file disc="/thp/course/star.thp" external="/RetroRewind/thp/video.thp" create="true" />
  <file disc="/thp/course/thunder.thp" external="/RetroRewind/thp/video.thp" create="true" />
  <file disc="/Boot/Strap/us/English.szs" external="/RetroRewind/Boot/Strap/us.szs" create="true" />
  <file disc="/Boot/Strap/us/Spanish_US.szs" external="/RetroRewind/Boot/Strap/us.szs" create="true" />
  <file disc="/Boot/Strap/us/French.szs" external="/RetroRewind/Boot/Strap/us.szs" create="true" />
  <file disc="/Boot/Strap/eu/English.szs" external="/RetroRewind/Boot/Strap/eu.szs" create="true" />
  <file disc="/Boot/Strap/eu/Dutch.szs" external="/RetroRewind/Boot/Strap/eu.szs" create="true" />
  <file disc="/Boot/Strap/eu/French.szs" external="/RetroRewind/Boot/Strap/eu.szs" create="true" />
  <file disc="/Boot/Strap/eu/German.szs" external="/RetroRewind/Boot/Strap/eu.szs" create="true" />
  <file disc="/Boot/Strap/eu/Italian.szs" external="/RetroRewind/Boot/Strap/eu.szs" create="true" />
  <file disc="/Boot/Strap/eu/Spanish_EU.szs" external="/RetroRewind/Boot/Strap/eu.szs" create="true" />
  <file disc="/Boot/Strap/jp/JP.szs" external="/RetroRewind/Boot/Strap/jp.szs" create="true" />
</patch>

<patch id="rwreg">
  <file disc="main.dol" external="/RetroRewind/sys/{$__region}/main.dol" create="true" />
  <file disc="/Scene/UI/Channel.szs" external="/RetroRewind/Scene/UI/Regular/Channel.szs" create="true" />
  <file disc="/Scene/UI/Channel_M.szs" external="/RetroRewind/Scene/UI/Regular/Channel_U.szs" create="true" />
  <file disc="/Scene/UI/Channel_Q.szs" external="/RetroRewind/Scene/UI/Regular/Channel_U.szs" create="true" />
  <file disc="/Scene/UI/Channel_U.szs" external="/RetroRewind/Scene/UI/Regular/Channel_U.szs" create="true" />
  <file disc="/Scene/UI/Event.szs" external="/RetroRewind/Scene/UI/Regular/Event.szs" create="true" />
  <file disc="/Scene/UI/Event_M.szs" external="/RetroRewind/Scene/UI/Regular/Event_U.szs" create="true" />
  <file disc="/Scene/UI/Event_Q.szs" external="/RetroRewind/Scene/UI/Regular/Event_U.szs" create="true" />
  <file disc="/Scene/UI/Event_U.szs" external="/RetroRewind/Scene/UI/Regular/Event_U.szs" create="true" />
  <file disc="/Scene/UI/Globe.szs" external="/RetroRewind/Scene/UI/Regular/Globe.szs" create="true" />
  <file disc="/Scene/UI/Globe_M.szs" external="/RetroRewind/Scene/UI/Regular/Globe_U.szs" create="true" />
  <file disc="/Scene/UI/Globe_Q.szs" external="/RetroRewind/Scene/UI/Regular/Globe_U.szs" create="true" />
  <file disc="/Scene/UI/Globe_U.szs" external="/RetroRewind/Scene/UI/Regular/Globe_U.szs" create="true" />
  <file disc="/Scene/UI/MenuMulti.szs" external="/RetroRewind/Scene/UI/Regular/MenuMulti.szs" create="true" />
  <file disc="/Scene/UI/MenuMulti_M.szs" external="/RetroRewind/Scene/UI/Regular/Globe_U.szs" create="true" />
  <file disc="/Scene/UI/MenuMulti_Q.szs" external="/RetroRewind/Scene/UI/Regular/Globe_U.szs" create="true" />
  <file disc="/Scene/UI/MenuMulti_U.szs" external="/RetroRewind/Scene/UI/Regular/Globe_U.szs" create="true" />
  <file disc="/Scene/UI/MenuOther.szs" external="/RetroRewind/Scene/UI/Regular/MenuOther.szs" create="true" />
  <file disc="/Scene/UI/MenuOther_M.szs" external="/RetroRewind/Scene/UI/Regular/MenuOther_U.szs" create="true" />
  <file disc="/Scene/UI/MenuOther_Q.szs" external="/RetroRewind/Scene/UI/Regular/MenuOther_U.szs" create="true" />
  <file disc="/Scene/UI/MenuOther_U.szs" external="/RetroRewind/Scene/UI/Regular/MenuOther_U.szs" create="true" />
  <file disc="/Scene/UI/MenuSingle.szs" external="/RetroRewind/Scene/UI/Regular/MenuSingle.szs" create="true" />
  <file disc="/Scene/UI/MenuSingle_M.szs" external="/RetroRewind/Scene/UI/Regular/Globe_U.szs" create="true" />
  <file disc="/Scene/UI/MenuSingle_Q.szs" external="/RetroRewind/Scene/UI/Regular/Globe_U.szs" create="true" />
  <file disc="/Scene/UI/MenuSingle_U.szs" external="/RetroRewind/Scene/UI/Regular/Globe_U.szs" create="true" />
  <file disc="/Scene/UI/Present.szs" external="/RetroRewind/Scene/UI/Regular/Present.szs" create="true" />
  <file disc="/Scene/UI/Present_M.szs" external="/RetroRewind/Scene/UI/Regular/Present_U.szs" create="true" />
  <file disc="/Scene/UI/Present_Q.szs" external="/RetroRewind/Scene/UI/Regular/Present_U.szs" create="true" />
  <file disc="/Scene/UI/Present_U.szs" external="/RetroRewind/Scene/UI/Regular/Present_U.szs" create="true" />
  <file disc="/Scene/UI/Race.szs" external="/RetroRewind/Scene/UI/Regular/Race.szs" create="true" />
  <file disc="/Scene/UI/Race_M.szs" external="/RetroRewind/Scene/UI/Regular/Race_U.szs" create="true" />
  <file disc="/Scene/UI/Race_Q.szs" external="/RetroRewind/Scene/UI/Regular/Race_U.szs" create="true" />
  <file disc="/Scene/UI/Race_U.szs" external="/RetroRewind/Scene/UI/Regular/Race_U.szs" create="true" />
  <file disc="/Scene/UI/Title.szs" external="/RetroRewind/Scene/UI/Regular/Title.szs" create="true" />
  <file disc="/Scene/UI/Title_M.szs" external="/RetroRewind/Scene/UI/Regular/Title_U.szs" create="true" />
  <file disc="/Scene/UI/Title_Q.szs" external="/RetroRewind/Scene/UI/Regular/Title_U.szs" create="true" />
  <file disc="/Scene/UI/Title_U.szs" external="/RetroRewind/Scene/UI/Regular/Title_U.szs" create="true" />
  <file disc="/Scene/UI/Channel_J.szs" external="/RetroRewind/Scene/UI/Regular/Channel_U.szs" create="true" />
  <file disc="/Scene/UI/Channel_K.szs" external="/RetroRewind/Scene/UI/Regular/Channel_U.szs" create="true" />
  <file disc="/Scene/UI/Event_J.szs" external="/RetroRewind/Scene/UI/Regular/Event_U.szs" create="true" />
  <file disc="/Scene/UI/Event_K.szs" external="/RetroRewind/Scene/UI/Regular/Event_U.szs" create="true" />
  <file disc="/Scene/UI/Globe_J.szs" external="/RetroRewind/Scene/UI/Regular/Globe_U.szs" create="true" />
  <file disc="/Scene/UI/Globe_K.szs" external="/RetroRewind/Scene/UI/Regular/Globe_U.szs" create="true" />
  <file disc="/Scene/UI/MenuMulti_K.szs" external="/RetroRewind/Scene/UI/Regular/Globe_U.szs" create="true" />
  <file disc="/Scene/UI/MenuMulti_J.szs" external="/RetroRewind/Scene/UI/Regular/Globe_U.szs" create="true" />
  <file disc="/Scene/UI/MenuOther_J.szs" external="/RetroRewind/Scene/UI/Regular/MenuOther_U.szs" create="true" />
  <file disc="/Scene/UI/MenuOther_K.szs" external="/RetroRewind/Scene/UI/Regular/MenuOther_U.szs" create="true" />
  <file disc="/Scene/UI/MenuSingle_J.szs" external="/RetroRewind/Scene/UI/Regular/Globe_U.szs" create="true" />
  <file disc="/Scene/UI/MenuSingle_K.szs" external="/RetroRewind/Scene/UI/Regular/Globe_U.szs" create="true" />
  <file disc="/Scene/UI/Present_J.szs" external="/RetroRewind/Scene/UI/Regular/Present_U.szs" create="true" />
  <file disc="/Scene/UI/Present_K.szs" external="/RetroRewind/Scene/UI/Regular/Present_U.szs" create="true" />
  <file disc="/Scene/UI/Race_J.szs" external="/RetroRewind/Scene/UI/Regular/Race_U.szs" create="true" />
  <file disc="/Scene/UI/Race_K.szs" external="/RetroRewind/Scene/UI/Regular/Race_U.szs" create="true" />
  <file disc="/Scene/UI/Title_J.szs" external="/RetroRewind/Scene/UI/Regular/Title_U.szs" create="true" />
  <file disc="/Scene/UI/Title_K.szs" external="/RetroRewind/Scene/UI/Regular/Title_U.szs" create="true" />
  <file disc="/Scene/UI/Channel_E.szs" external="/RetroRewind/Scene/UI/Regular/Channel_U.szs" create="true" />
  <file disc="/Scene/UI/Channel_F.szs" external="/RetroRewind/Scene/UI/Regular/Channel_U.szs" create="true" />
  <file disc="/Scene/UI/Channel_G.szs" external="/RetroRewind/Scene/UI/Regular/Channel_U.szs" create="true" />
  <file disc="/Scene/UI/Channel_I.szs" external="/RetroRewind/Scene/UI/Regular/Channel_U.szs" create="true" />
  <file disc="/Scene/UI/Channel_S.szs" external="/RetroRewind/Scene/UI/Regular/Channel_U.szs" create="true" />
  <file disc="/Scene/UI/Event_E.szs" external="/RetroRewind/Scene/UI/Regular/Event_U.szs" create="true" />
  <file disc="/Scene/UI/Event_F.szs" external="/RetroRewind/Scene/UI/Regular/Event_U.szs" create="true" />
  <file disc="/Scene/UI/Event_G.szs" external="/RetroRewind/Scene/UI/Regular/Event_U.szs" create="true" />
  <file disc="/Scene/UI/Event_I.szs" external="/RetroRewind/Scene/UI/Regular/Event_U.szs" create="true" />
  <file disc="/Scene/UI/Event_S.szs" external="/RetroRewind/Scene/UI/Regular/Event_U.szs" create="true" />
  <file disc="/Scene/UI/Globe_E.szs" external="/RetroRewind/Scene/UI/Regular/Globe_U.szs" create="true" />
  <file disc="/Scene/UI/Globe_F.szs" external="/RetroRewind/Scene/UI/Regular/Globe_U.szs" create="true" />
  <file disc="/Scene/UI/Globe_G.szs" external="/RetroRewind/Scene/UI/Regular/Globe_U.szs" create="true" />
  <file disc="/Scene/UI/Globe_I.szs" external="/RetroRewind/Scene/UI/Regular/Globe_U.szs" create="true" />
  <file disc="/Scene/UI/Globe_S.szs" external="/RetroRewind/Scene/UI/Regular/Globe_U.szs" create="true" />
  <file disc="/Scene/UI/MenuMulti_E.szs" external="/RetroRewind/Scene/UI/Regular/Globe_U.szs" create="true" />
  <file disc="/Scene/UI/MenuMulti_F.szs" external="/RetroRewind/Scene/UI/Regular/Globe_U.szs" create="true" />
  <file disc="/Scene/UI/MenuMulti_G.szs" external="/RetroRewind/Scene/UI/Regular/Globe_U.szs" create="true" />
  <file disc="/Scene/UI/MenuMulti_I.szs" external="/RetroRewind/Scene/UI/Regular/Globe_U.szs" create="true" />
  <file disc="/Scene/UI/MenuMulti_S.szs" external="/RetroRewind/Scene/UI/Regular/Globe_U.szs" create="true" />
  <file disc="/Scene/UI/MenuOther_E.szs" external="/RetroRewind/Scene/UI/Regular/MenuOther_U.szs" create="true" />
  <file disc="/Scene/UI/MenuOther_F.szs" external="/RetroRewind/Scene/UI/Regular/MenuOther_U.szs" create="true" />
  <file disc="/Scene/UI/MenuOther_G.szs" external="/RetroRewind/Scene/UI/Regular/MenuOther_U.szs" create="true" />
  <file disc="/Scene/UI/MenuOther_I.szs" external="/RetroRewind/Scene/UI/Regular/MenuOther_U.szs" create="true" />
  <file disc="/Scene/UI/MenuOther_S.szs" external="/RetroRewind/Scene/UI/Regular/MenuOther_U.szs" create="true" />
  <file disc="/Scene/UI/MenuSingle_E.szs" external="/RetroRewind/Scene/UI/Regular/Globe_U.szs" create="true" />
  <file disc="/Scene/UI/MenuSingle_F.szs" external="/RetroRewind/Scene/UI/Regular/Globe_U.szs" create="true" />
  <file disc="/Scene/UI/MenuSingle_G.szs" external="/RetroRewind/Scene/UI/Regular/Globe_U.szs" create="true" />
  <file disc="/Scene/UI/MenuSingle_I.szs" external="/RetroRewind/Scene/UI/Regular/Globe_U.szs" create="true" />
  <file disc="/Scene/UI/MenuSingle_S.szs" external="/RetroRewind/Scene/UI/Regular/Globe_U.szs" create="true" />
  <file disc="/Scene/UI/Present_E.szs" external="/RetroRewind/Scene/UI/Regular/Present_U.szs" create="true" />
  <file disc="/Scene/UI/Present_F.szs" external="/RetroRewind/Scene/UI/Regular/Present_U.szs" create="true" />
  <file disc="/Scene/UI/Present_G.szs" external="/RetroRewind/Scene/UI/Regular/Present_U.szs" create="true" />
  <file disc="/Scene/UI/Present_I.szs" external="/RetroRewind/Scene/UI/Regular/Present_U.szs" create="true" />
  <file disc="/Scene/UI/Present_S.szs" external="/RetroRewind/Scene/UI/Regular/Present_U.szs" create="true" />
  <file disc="/Scene/UI/Race_E.szs" external="/RetroRewind/Scene/UI/Regular/Race_U.szs" create="true" />
  <file disc="/Scene/UI/Race_F.szs" external="/RetroRewind/Scene/UI/Regular/Race_U.szs" create="true" />
  <file disc="/Scene/UI/Race_G.szs" external="/RetroRewind/Scene/UI/Regular/Race_U.szs" create="true" />
  <file disc="/Scene/UI/Race_I.szs" external="/RetroRewind/Scene/UI/Regular/Race_U.szs" create="true" />
  <file disc="/Scene/UI/Race_S.szs" external="/RetroRewind/Scene/UI/Regular/Race_U.szs" create="true" />
  <file disc="/Scene/UI/Title_E.szs" external="/RetroRewind/Scene/UI/Regular/Title_U.szs" create="true" />
  <file disc="/Scene/UI/Title_F.szs" external="/RetroRewind/Scene/UI/Regular/Title_U.szs" create="true" />
  <file disc="/Scene/UI/Title_G.szs" external="/RetroRewind/Scene/UI/Regular/Title_U.szs" create="true" />
  <file disc="/Scene/UI/Title_I.szs" external="/RetroRewind/Scene/UI/Regular/Title_U.szs" create="true" />
  <file disc="/Scene/UI/Title_S.szs" external="/RetroRewind/Scene/UI/Regular/Title_U.szs" create="true" />
  <file disc="/rel/StaticR.rel" external="/RetroRewind/rel/Regular/{$__region}/StaticR.rel" create="true" />
  <file disc="/rel/lecode-USA.bin" external="/RetroRewind/rel/Regular/E/lecode-USA.bin" create="true" />
  <file disc="/rel/lecode-JAP.bin" external="/RetroRewind/rel/Regular/J/lecode-JAP.bin" create="true" />
  <file disc="/rel/lecode-PAL.bin" external="/RetroRewind/rel/Regular/P/lecode-PAL.bin" create="true" />
  <memory offset="0x800017CC" value="01"/>
</patch>

<patch id="rwinside">
  <file disc="/Race/Common.szs" external="/RetroRewind/Race/Common2.szs" create="true" />
</patch>

<patch id="rwmii">
  <memory offset="0x800017CE" value="01"/>
</patch>

<patch id="rwtt">
  <memory offset="0x800017CC" value="00"/>
</patch>

<patch id="rwms">
<folder external="/RetroRewind/MyStuff" recursive="false"/>
<folder external="/RetroRewind/MyStuff" disc="/"/>
</patch>

<patch id="rwctgpms">
<folder external="/ctgpr/My Stuff" recursive="false"/>
<folder external="/ctgpr/My Stuff" disc="/"/>
</patch>

</wiidisc>